<?xml version='1.0' encoding='utf-8'?>
<export domain='com.lingoport.server.Ruleset' version='2'>
  <ruleset name='Java Rule Set' language='java' enabled='true' shared='false' id='4665'>
    <extension extension='jspf' description='jsp fragment' serverscript='java' clientscript='javascript' enabled='true' />
    <extension extension='java' description='Java source file' serverscript='java' enabled='true' />
    <extension extension='jsp' description='Java Server Page' serverscript='java' clientscript='javascript' enabled='true' />
    <extension extension='jspx' description='XML Java Server Page' serverscript='java' clientscript='javascript' enabled='true' />
    <stringRetentionPattern name='Date Format - dd.MM.yyyy' pattern='dd\.MM\.yyyy' priority='1' description='Hard-coded date formats need to be internationalized.' enabled='true' />
    <stringRetentionPattern name='Extended Characters' pattern='[\x80-\xFF]' priority='1' description='Do not filter strings with extended characters.' enabled='false' />
    <stringRetentionPattern name='Date Format - MMMM dd yyyy' pattern='MMM(M)?\s*d(,|d)\s*yyyy' priority='1' description='Hard-coded date formats need to be internationalized.' enabled='true' />
    <stringRetentionPattern name='Date Format - hours:minutes' pattern='hh:mm\s*(dd\s*MM\s*yyyy)?' priority='1' description='Hard-coded date formats need to be internationalized.' enabled='true' />
    <stringRetentionPattern name='Date Format - mm-dd-yyyy' pattern='mm-dd-yyyy' priority='1' description='Hard-coded date formats need to be internationalized.' enabled='true' />
    <stringRetentionPattern name='Date Format - Day, day month year' pattern='D,\s*dd?\s*M\s*yy?' priority='1' description='Hard-coded date formats need to be internationalized.' enabled='true' />
    <stringRetentionPattern name='Date Format - M/dd/yy' pattern='M/dd/yy' priority='1' description='Hard-coded date formats need to be internationalized.' enabled='true' />
    <stringRetentionPattern name='Technical Terms' pattern='(?i)(\bWiMAX\b|\bWiFi\b)' priority='1' description='Do not filter camel case technical terms and abbreviations that appear in dictionary.' enabled='true' />
    <stringRetentionPattern name='HTML alt' pattern='(?i)\balt\s*=[&apos;"\\\s]*[a-z]' priority='1' description='Do not filter HTML alt strings.' enabled='true' />
    <stringRetentionPattern name='HTML title' pattern='(?i)\btitle\s*=[&apos;"\\\s]*[a-z]' priority='1' description='Do not filter HTML title strings.' enabled='true' />
    <stringRetentionPattern name='Date Format - year:month:day' pattern='yyyy:MM:dd' priority='1' description='Hard-coded date formats need to be internationalized.' enabled='true' />
    <stringRetentionPattern name='Date Format - 6AM or 7:00 PM' pattern='(?i)[0-9]\s*(am|pm)\b' priority='1' description='Hard-coded date formats need to be internationalized.' enabled='true' />
    <stringRetentionPattern name='Date Format - dddd dd' pattern='dddd\s*dd' priority='1' description='Hard-coded date formats need to be internationalized.' enabled='true' />
    <stringRetentionPattern name='Date Format - dd/MM/yy' pattern='dd/MM/yy(yy\s*HH:mm)?' priority='1' description='Hard-coded date formats need to be internationalized.' enabled='true' />
    <stringRetentionPattern name='HTML value' pattern='(?i)\bvalue\s*=[&apos;"\\\s]*[a-z]' priority='1' description='Do not filter HTML value strings.' enabled='true' />
    <stringRetentionPattern name='HTML title' pattern='(?i)\btext\s*=[&apos;"\\\s]*[a-z]' priority='1' description='Do not filter HTML text strings.' enabled='true' />
    <stringMethodPattern name='JOptionPane' pattern='JOptionPane' varTypes='javax.swing.JOptionPane' priority='1' description='Detect strings passed to this method' enabled='true' />
    <stringMethodPattern name='CheckboxMenuItem' pattern='CheckboxMenuItem' varTypes='java.awt.CheckboxMenuItem' priority='1' description='Detect strings passed to this method' enabled='true' />
    <stringMethodPattern name='FileDialog' pattern='FileDialog' varTypes='java.awt.FileDialog' priority='1' description='Detect strings passed to this method' enabled='true' />
    <stringMethodPattern name='SelectItem' pattern='SelectItem' varTypes='javax.faces.model.SelectItem' priority='1' description='Detect strings passed to this method' enabled='true' />
    <stringMethodPattern name='showInternalInputDialog' pattern='showInternalInputDialog' priority='1' description='Detect strings passed to this method' enabled='true' />
    <stringMethodPattern name='setDescription' pattern='setDescription' priority='1' description='Detect strings passed to this method' enabled='true' />
    <stringMethodPattern name='createTitledBorder' pattern='createTitledBorder' priority='1' description='Detect strings passed to this method' enabled='true' />
    <stringMethodPattern name='setApproveButtonToolTipText' pattern='setApproveButtonToolTipText' priority='1' description='Detect strings passed to this method' enabled='true' />
    <stringMethodPattern name='setName' pattern='setName' priority='1' description='Detect strings passed to this method' enabled='true' />
    <stringMethodPattern name='JFrame' pattern='JFrame' varTypes='javax.swing.JFrame' priority='1' description='Detect strings passed to this method' enabled='true' />
    <stringMethodPattern name='setApproveButtonText' pattern='setApproveButtonText' priority='1' description='Detect strings passed to this method' enabled='true' />
    <stringMethodPattern name='showConfirmDialog' pattern='showConfirmDialog' priority='1' description='Detect strings passed to this method' enabled='true' />
    <stringMethodPattern name='showInternalOptionDialog' pattern='showInternalOptionDialog' priority='1' description='Detect strings passed to this method' enabled='true' />
    <stringMethodPattern name='replaceRange' pattern='replaceRange' priority='1' description='Detect strings passed to this method' enabled='true' />
    <stringMethodPattern name='MenuItem' pattern='MenuItem' varTypes='java.awt.MenuItem' priority='1' description='Detect strings passed to this method' enabled='true' />
    <stringMethodPattern name='JFileChooser' pattern='JFileChooser' varTypes='javax.swing.JFileChooser' priority='1' description='Detect strings passed to this method' enabled='true' />
    <stringMethodPattern name='showInternalConfirmDialog' pattern='showInternalConfirmDialog' priority='1' description='Detect strings passed to this method' enabled='true' />
    <stringMethodPattern name='createDialog' pattern='createDialog' priority='1' description='Detect strings passed to this method' enabled='true' />
    <stringMethodPattern name='ProgressMonitor' pattern='ProgressMonitor' varTypes='javax.swing.ProgressMonitor' priority='1' description='Detect strings passed to this method' enabled='true' />
    <stringMethodPattern name='JMenu' pattern='JMenu' varTypes='javax.swing.JMenu' priority='1' description='Detect strings passed to this method' enabled='true' />
    <stringMethodPattern name='JMenuItem' pattern='JMenuItem' varTypes='javax.swing.JMenuItem' priority='1' description='Detect strings passed to this method' enabled='true' />
    <stringMethodPattern name='PopupMenu' pattern='PopupMenu' varTypes='java.awt.PopupMenu' priority='1' description='Detect strings passed to this method' enabled='true' />
    <stringMethodPattern name='setToolTipTextAt' pattern='setToolTipTextAt' priority='1' description='Detect strings passed to this method' enabled='true' />
    <stringMethodPattern name='showOptionDialog' pattern='showOptionDialog' priority='1' description='Detect strings passed to this method' enabled='true' />
    <stringMethodPattern name='setToolTip' pattern='setToolTip' priority='1' description='Detect strings passed to this method' enabled='true' />
    <stringMethodPattern name='JPopupMenu' pattern='JPopupMenu' varTypes='javax.swing.JPopupMenu' priority='1' description='Detect strings passed to this method' enabled='true' />
    <stringMethodPattern name='Label' pattern='Label' varTypes='java.awt.Label' priority='1' description='Detect strings passed to this method' enabled='true' />
    <stringMethodPattern name='JTextField' pattern='JTextField' varTypes='javax.swing.JTextField' priority='1' description='Detect strings passed to this method' enabled='true' />
    <stringMethodPattern name='setToolTipText' pattern='setToolTipText' priority='1' description='Detect strings passed to this method' enabled='true' />
    <stringMethodPattern name='JCheckBoxMenuItem' pattern='JCheckBoxMenuItem' varTypes='javax.swing.JCheckBoxMenuItem' priority='1' description='Detect strings passed to this method' enabled='true' />
    <stringMethodPattern name='setInnerHTML' pattern='setInnerHTML' priority='1' description='Detect strings passed to this method' enabled='true' />
    <stringMethodPattern name='Dialog' pattern='Dialog' varTypes='java.awt.Dialog' priority='1' description='Detect strings passed to this method' enabled='true' />
    <stringMethodPattern name='setDialogTitle' pattern='setDialogTitle' priority='1' description='Detect strings passed to this method' enabled='true' />
    <stringMethodPattern name='replaceText' pattern='replaceText' priority='1' description='Detect strings passed to this method' enabled='true' />
    <stringMethodPattern name='JInternalFrame' pattern='JInternalFrame' varTypes='javax.swing.JInternalFrame' priority='1' description='Detect strings passed to this method' enabled='true' />
    <stringMethodPattern name='JToggleButton' pattern='JToggleButton' varTypes='javax.swing.JToggleButton' priority='1' description='Detect strings passed to this method' enabled='true' />
    <stringMethodPattern name='replaceSelection' pattern='replaceSelection' priority='1' description='Detect strings passed to this method' enabled='true' />
    <stringMethodPattern name='replaceItem' pattern='replaceItem' priority='1' description='Detect strings passed to this method' enabled='true' />
    <stringMethodPattern name='JDialog' pattern='JDialog' varTypes='javax.swing.JDialog' priority='1' description='Detect strings passed to this method' enabled='true' />
    <stringMethodPattern name='showInternalMessageDialog' pattern='showInternalMessageDialog' priority='1' description='Detect strings passed to this method' enabled='true' />
    <stringMethodPattern name='Menu' pattern='Menu' varTypes='java.awt.Menu' priority='1' description='Detect strings passed to this method' enabled='true' />
    <stringMethodPattern name='JRadioButton' pattern='JRadioButton' varTypes='javax.swing.JRadioButton' priority='1' description='Detect strings passed to this method' enabled='true' />
    <stringMethodPattern name='setTipText' pattern='setTipText' priority='1' description='Detect strings passed to this method' enabled='true' />
    <stringMethodPattern name='JTextArea' pattern='JTextArea' varTypes='javax.swing.JTextArea' priority='1' description='Detect strings passed to this method' enabled='true' />
    <stringMethodPattern name='showMessageDialog' pattern='showMessageDialog' priority='1' description='Detect strings passed to this method' enabled='true' />
    <stringMethodPattern name='Checkbox' pattern='Checkbox' varTypes='java.awt.Checkbox' priority='1' description='Detect strings passed to this method' enabled='true' />
    <stringMethodPattern name='TextField' pattern='TextField' varTypes='java.awt.TextField' priority='1' description='Detect strings passed to this method' enabled='true' />
    <stringMethodPattern name='JCheckBox' pattern='JCheckBox' varTypes='javax.swing.JCheckBox' priority='1' description='Detect strings passed to this method' enabled='true' />
    <stringMethodPattern name='setTitle' pattern='setTitle' priority='1' description='Detect strings passed to this method' enabled='true' />
    <stringMethodPattern name='JLabel' pattern='JLabel' varTypes='javax.swing.JLabel' priority='1' description='Detect strings passed to this method' enabled='true' />
    <stringMethodPattern name='JPasswordField' pattern='JPasswordField' varTypes='javax.swing.JPasswordField' priority='1' description='Detect strings passed to this method' enabled='true' />
    <stringMethodPattern name='JButton' pattern='JButton' varTypes='javax.swing.JButton' priority='1' description='Detect strings passed to this method' enabled='true' />
    <stringMethodPattern name='JEditorPane' pattern='JEditorPane' varTypes='javax.swing.JEditorPane' priority='1' description='Detect strings passed to this method' enabled='true' />
    <stringMethodPattern name='JList' pattern='JList' varTypes='javax.swing.JList' priority='1' description='Detect strings passed to this method' enabled='true' />
    <stringMethodPattern name='setLabel' pattern='setLabel' priority='1' description='Detect strings passed to this method' enabled='true' />
    <stringMethodPattern name='TextArea' pattern='TextArea' varTypes='java.awt.TextArea' priority='1' description='Detect strings passed to this method' enabled='true' />
    <stringMethodPattern name='TrayIcon' pattern='TrayIcon' varTypes='java.awt.TrayIcon' priority='1' description='Detect strings passed to this method' enabled='true' />
    <stringMethodPattern name='Frame' pattern='Frame' varTypes='java.awt.Frame' priority='1' description='Detect strings passed to this method' enabled='true' />
    <stringMethodPattern name='setOuterHTML' pattern='setOuterHTML' priority='1' description='Detect strings passed to this method' enabled='true' />
    <stringMethodPattern name='createInternalFrame' pattern='createInternalFrame' priority='1' description='Detect strings passed to this method' enabled='true' />
    <stringMethodPattern name='Button' pattern='Button' varTypes='java.awt.Button' priority='1' description='Detect strings passed to this method' enabled='true' />
    <stringMethodPattern name='setTitleAt' pattern='setTitleAt' priority='1' description='Detect strings passed to this method' enabled='true' />
    <stringMethodPattern name='showInputDialog' pattern='showInputDialog' priority='1' description='Detect strings passed to this method' enabled='true' />
    <stringMethodPattern name='showDialog' pattern='showDialog' priority='1' description='Detect strings passed to this method' enabled='true' />
    <stringMethodPattern name='setNote' pattern='setNote' priority='1' description='Detect strings passed to this method' enabled='true' />
    <stringMethodPattern name='JRadioButtonMenuItem' pattern='JRadioButtonMenuItem' varTypes='javax.swing.JRadioButtonMenuItem' priority='1' description='Detect strings passed to this method' enabled='true' />
    <localeSensitiveMethodPatternGroup name='Number Format' description='Currency and Number formatting and display' enabled='true'>
      <localeSensitiveMethodPattern name='Float' pattern='Float' varTypes='java.lang.Float' priority='1' description='Float constructor' helpPage='localeSensitiveMethods/javaunsafe_Float.html' enabled='true' />
      <localeSensitiveMethodPattern name='Currency.getSymbol' pattern='getSymbol' varTypes='java.util.Currency' paramTypes='java.util.Locale' priority='1' description='Currency.getSymbol' helpPage='localeSensitiveMethods/javaunsafe_currency_getSymbol.html' enabled='true' />
      <localeSensitiveMethodPattern name='Double.parseDouble' pattern='parseDouble' varTypes='java.lang.Double' priority='1' description='Create double from string' helpPage='localeSensitiveMethods/javaunsafe_parseDouble.html' enabled='true' />
      <localeSensitiveMethodPattern name='NumberFormat.getNumberInstance' pattern='getNumberInstance' varTypes='java.text.NumberFormat' paramTypes='java.util.Locale' priority='1' description='NumberFormat.getNumberInstance' helpPage='localeSensitiveMethods/javaunsafe_nmbr_nmbrInst.html' enabled='true' />
      <localeSensitiveMethodPattern name='Double' pattern='Double' varTypes='java.lang.Double' priority='1' description='Double constructor' helpPage='localeSensitiveMethods/javaunsafe_Double.html' enabled='true' />
      <localeSensitiveMethodPattern name='DecimalFormat' pattern='DecimalFormat' varTypes='java.text.DecimalFormat' priority='1' description='DecimalFormat' helpPage='localeSensitiveMethods/javaunsafe_deciml.html' enabled='true' />
      <localeSensitiveMethodPattern name='Currency.getDisplayName' pattern='getDisplayName' varTypes='java.util.Currency' paramTypes='java.util.Locale' priority='1' description='getDisplayName' helpPage='localeSensitiveMethods/javaunsafe_currency_getDisplayName.html' enabled='true' />
      <localeSensitiveMethodPattern name='NumberFormat.getCurrencyInstance' pattern='getCurrencyInstance' varTypes='java.text.NumberFormat' paramTypes='java.util.Locale' priority='1' description='NumberFormat.getCurrencyInstance' helpPage='localeSensitiveMethods/javaunsafe_nmbrCrrncy.html' enabled='true' />
      <localeSensitiveMethodPattern name='NumberFormat.getIntegerInstance' pattern='getIntegerInstance' varTypes='java.text.NumberFormat' paramTypes='java.util.Locale' priority='1' description='NumberFormat.getIntegerInstance' helpPage='localeSensitiveMethods/javaunsafe_nmbr_intInst.html' enabled='true' />
      <localeSensitiveMethodPattern name='Float.parseFloat' pattern='parseFloat' varTypes='java.lang.Float' priority='1' description='Create float from string' helpPage='localeSensitiveMethods/javaunsafe_parseFloat.html' enabled='true' />
      <localeSensitiveMethodPattern name='NumberFormat.getPercentInstance' pattern='getPercentInstance' varTypes='java.text.NumberFormat' paramTypes='java.util.Locale' priority='1' description='NumberFormat.getPercentInstance' helpPage='localeSensitiveMethods/javaunsafe_nmbr_prcntInst.html' enabled='true' />
      <localeSensitiveMethodPattern name='NumberFormat.getInstance' pattern='getInstance' varTypes='java.text.NumberFormat' paramTypes='java.util.Locale' priority='1' description='NumberFormat.getInstance' helpPage='localeSensitiveMethods/javaunsafe_nmbr_Inst.html' enabled='true' />
    </localeSensitiveMethodPatternGroup>
    <localeSensitiveMethodPatternGroup name='Locale' description='Locale methods' enabled='true'>
      <localeSensitiveMethodPattern name='Locale' pattern='Locale' varTypes='java.util.Locale' priority='1' description='Locale constructor' helpPage='localeSensitiveMethods/javaunsafe_Locale.html' enabled='true' />
      <localeSensitiveMethodPattern name='Locale.getDisplayName' pattern='getDisplayName' varTypes='java.util.Locale' paramTypes='java.util.Locale' priority='1' description='Locale.getDisplayName' helpPage='localeSensitiveMethods/javaunsafe_locale_getDisplayName.html' enabled='true' />
      <localeSensitiveMethodPattern name='Locale.getDefault' pattern='getDefault' varTypes='java.util.Locale' priority='1' description='Locale.getDefault' helpPage='localeSensitiveMethods/javaunsafe_locale_getDefault.html' enabled='true' />
    </localeSensitiveMethodPatternGroup>
    <localeSensitiveMethodPatternGroup name='Collation' description='Text sorting and comparison' enabled='true'>
      <localeSensitiveMethodPattern name='Collator.getInstance' pattern='getInstance' varTypes='java.text.Collator' paramTypes='java.util.Locale' priority='3' description='Collator.getInstance' helpPage='localeSensitiveMethods/javaunsafe_col_getInst.html' enabled='true' />
      <localeSensitiveMethodPattern name='String.toUpperCase' pattern='toUpperCase' varTypes='java.lang.String' paramTypes='java.util.Locale' priority='3' description='String.toUpperCase' helpPage='localeSensitiveMethods/javaunsafe_upr_case.html' enabled='true' />
      <localeSensitiveMethodPattern name='String.compareTo' pattern='compareTo' varTypes='java.lang.String' priority='2' description='String.compareTo' helpPage='localeSensitiveMethods/javaunsafe_cmpr.html' enabled='true' />
      <localeSensitiveMethodPattern name='String.compareToIgnoreCase' pattern='compareToIgnoreCase' varTypes='java.lang.String' priority='2' description='String.compareToIgnoreCase' helpPage='localeSensitiveMethods/javaunsafe_cmprignrcase.html' enabled='true' />
      <localeSensitiveMethodPattern name='String.toLowerCase' pattern='toLowerCase' varTypes='java.lang.String' paramTypes='java.util.Locale' priority='3' description='String.toLowerCase' helpPage='localeSensitiveMethods/javaunsafe_lwr_case.html' enabled='true' />
      <localeSensitiveMethodPattern name='String.equalsIgnoreCase' pattern='equalsIgnoreCase' varTypes='java.lang.String' priority='3' description='Compares two strings for equality, ignoring case' helpPage='localeSensitiveMethods/javaunsafe_equalsIgnoreCase.html' enabled='true' />
      <localeSensitiveMethodPattern name='AbstractButton.setMnemonic' pattern='setMnemonic' varTypes='javax.swing.AbstractButton' priority='1' description='AbstractButton.setMnemonic' helpPage='localeSensitiveMethods/javaunsafe_setMnemonic.html' enabled='true' />
    </localeSensitiveMethodPatternGroup>
    <localeSensitiveMethodPatternGroup name='Font and Style' description='Methods that affect font and style' enabled='true'>
      <localeSensitiveMethodPattern name='Font' pattern='Font' varTypes='java.awt.Font' priority='2' description='Font constructor' helpPage='localeSensitiveMethods/javaunsafe_Font.html' enabled='true' />
      <localeSensitiveMethodPattern name='Font.getFamily' pattern='getFamily' varTypes='java.awt.Font' paramTypes='java.util.Locale' priority='2' description='Font.getFamily' helpPage='localeSensitiveMethods/javaunsafe_getFamily.html' enabled='true' />
      <localeSensitiveMethodPattern name='getAvailableFontFamilyNames' pattern='getAvailableFontFamilyNames' paramTypes='java.util.Locale' priority='2' description='getAvailableFontFamilyNames' helpPage='localeSensitiveMethods/javaunsafe_getAvailableFontFamilyNames.html' enabled='true' />
      <localeSensitiveMethodPattern name='Font.getFontName' pattern='getFontName' varTypes='java.awt.Font' paramTypes='java.util.Locale' priority='2' description='Font.getFontName' helpPage='localeSensitiveMethods/javaunsafe_getFontName.html' enabled='true' />
    </localeSensitiveMethodPatternGroup>
    <localeSensitiveMethodPatternGroup name='Date/Time' description='Date and Time formatting and display' enabled='true'>
      <localeSensitiveMethodPattern name='DateFormat.getDateTimeInstance' pattern='getDateTimeInstance' varTypes='java.text.DateFormat' paramTypes='java.util.Locale' priority='1' description='DateFormat.getDateTimeInstance' helpPage='localeSensitiveMethods/javaunsafe_date_getDateTime.html' enabled='true' />
      <localeSensitiveMethodPattern name='YearMonth.format' pattern='format' varTypes='java.time.YearMonth' priority='1' description='YearMonth.format' helpPage='localeSensitiveMethods/javaunsafe_YearMonth_format.html' enabled='true' />
      <localeSensitiveMethodPattern name='LocalTime.parse' pattern='parse' varTypes='java.time.LocalTime' priority='1' description='LocalTime.parse' helpPage='localeSensitiveMethods/javaunsafe_LocalTime_parse.html' enabled='true' />
      <localeSensitiveMethodPattern name='OffsetDateTime.format' pattern='format' varTypes='java.time.OffsetDateTime' priority='1' description='OffsetDateTime.format' helpPage='localeSensitiveMethods/javaunsafe_OffsetDateTime_format.html' enabled='true' />
      <localeSensitiveMethodPattern name='OffsetDateTime.parse' pattern='parse' varTypes='java.time.OffsetDateTime' priority='1' description='OffsetDateTime.parse' helpPage='localeSensitiveMethods/javaunsafe_OffsetDateTime_parse.html' enabled='true' />
      <localeSensitiveMethodPattern name='OffsetTime.parse' pattern='parse' varTypes='java.time.OffsetTime' priority='1' description='OffsetTime.parse' helpPage='localeSensitiveMethods/javaunsafe_OffsetTime_parse.html' enabled='true' />
      <localeSensitiveMethodPattern name='LocalDate.format' pattern='format' varTypes='java.time.LocalDate' priority='1' description='LocalDate.format' helpPage='localeSensitiveMethods/javaunsafe_LocalDate_format.html' enabled='true' />
      <localeSensitiveMethodPattern name='GregorianCalendar' pattern='GregorianCalendar' varTypes='java.util.GregorianCalendar' paramTypes='java.util.Locale' priority='1' description='GregorianCalendar' helpPage='localeSensitiveMethods/javaunsafe_GrgorCal.html' enabled='true' />
      <localeSensitiveMethodPattern name='DateFormat.getInstance' pattern='getInstance' varTypes='java.text.DateFormat' priority='1' description='DateFormat.getInstance' helpPage='localeSensitiveMethods/javaunsafe_date_getInst.html' enabled='true' />
      <localeSensitiveMethodPattern name='LocalTime.format' pattern='format' varTypes='java.time.LocalTime' priority='1' description='LocalTime.format' helpPage='localeSensitiveMethods/javaunsafe_LocalTime_format.html' enabled='true' />
      <localeSensitiveMethodPattern name='MonthDay.format' pattern='format' varTypes='java.time.MonthDay' priority='1' description='MonthDay.format' helpPage='localeSensitiveMethods/javaunsafe_MonthDay_format.html' enabled='true' />
      <localeSensitiveMethodPattern name='DateTimeFormatter.ofLocalizedDateTime' pattern='ofLocalizedDateTime' varTypes='java.time.format.DateTimeFormatter' priority='1' description='DateTimeFormatter.ofLocalizedDateTime' helpPage='localeSensitiveMethods/javaunsafe_DateTimeFormatter_ofLocalizedDateTime.html' enabled='true' />
      <localeSensitiveMethodPattern name='LocalDateTime.format' pattern='format' varTypes='java.time.LocalDateTime' priority='1' description='LocalDateTime.format' helpPage='localeSensitiveMethods/javaunsafe_LocalDateTime_format.html' enabled='true' />
      <localeSensitiveMethodPattern name='DateFormat.getTimeInstance' pattern='getTimeInstance' varTypes='java.text.DateFormat' paramTypes='java.util.Locale' priority='1' description='DateFormat.getTimeInstance' helpPage='localeSensitiveMethods/javaunsafe_date_getTime.html' enabled='true' />
      <localeSensitiveMethodPattern name='TimeZone.getDisplayName' pattern='getDisplayName' varTypes='java.util.TimeZone' paramTypes='java.util.Locale' priority='1' description='getDisplayName' helpPage='localeSensitiveMethods/javaunsafe_timeZone_getDisplayName.html' enabled='true' />
      <localeSensitiveMethodPattern name='DateTimeFormatter.ofLocalizedDate' pattern='ofLocalizedDate' varTypes='java.time.format.DateTimeFormatter' priority='1' description='DateTimeFormatter.ofLocalizedDate' helpPage='localeSensitiveMethods/javaunsafe_DateTimeFormatter_ofLocalizedDate.html' enabled='true' />
      <localeSensitiveMethodPattern name='DateFormatSymbols' pattern='DateFormatSymbols' varTypes='java.text.DateFormatSymbols' paramTypes='java.util.Locale' priority='1' description='DateFormatSymbols' helpPage='localeSensitiveMethods/javaunsafe_date_symbl.html' enabled='true' />
      <localeSensitiveMethodPattern name='TimeZone.getTimeZone' pattern='getTimeZone' varTypes='java.util.TimeZone' priority='1' description='getTimeZone' helpPage='localeSensitiveMethods/javaunsafe_getTimeZone.html' enabled='true' />
      <localeSensitiveMethodPattern name='ZonedDateTime.parse' pattern='parse' varTypes='java.time.ZonedDateTime' priority='1' description='ZonedDateTime.parse' helpPage='localeSensitiveMethods/javaunsafe_ZonedDateTime_parse.html' enabled='true' />
      <localeSensitiveMethodPattern name='Calendar.getInstance' pattern='getInstance' varTypes='java.util.Calendar' paramTypes='java.util.Locale' priority='1' description='Calendar.getInstance' helpPage='localeSensitiveMethods/javaunsafe_cal_inst.html' enabled='true' />
      <localeSensitiveMethodPattern name='YearMonth.parse' pattern='parse' varTypes='java.time.YearMonth' priority='1' description='YearMonth.parse' helpPage='localeSensitiveMethods/javaunsafe_YearMonth_parse.html' enabled='true' />
      <localeSensitiveMethodPattern name='SimpleDateFormat' pattern='SimpleDateFormat' varTypes='java.text.SimpleDateFormat' priority='1' description='SimpleDateFormat' helpPage='localeSensitiveMethods/javaunsafe_smpl_date.html' enabled='true' />
      <localeSensitiveMethodPattern name='TimeZone.getDefault' pattern='getDefault' varTypes='java.util.TimeZone' priority='1' description='TimeZone.getDefault' helpPage='localeSensitiveMethods/javaunsafe_timeZone_getDefault.html' enabled='true' />
      <localeSensitiveMethodPattern name='Calendar' pattern='Calendar' varTypes='java.util.Calendar' paramTypes='java.util.Locale' priority='1' description='Calendar' helpPage='localeSensitiveMethods/javaunsafe_cal.html' enabled='true' />
      <localeSensitiveMethodPattern name='DateFormat.getDateInstance' pattern='getDateInstance' varTypes='java.text.DateFormat' paramTypes='java.util.Locale' priority='1' description='DateFormat.getDateInstance' helpPage='localeSensitiveMethods/javaunsafe_date_getDate.html' enabled='true' />
      <localeSensitiveMethodPattern name='ZonedDateTime.format' pattern='format' varTypes='java.time.ZonedDateTime' priority='1' description='ZonedDateTime.format' helpPage='localeSensitiveMethods/javaunsafe_ZonedDateTime_format.html' enabled='true' />
      <localeSensitiveMethodPattern name='MonthDay.parse' pattern='parse' varTypes='java.time.MonthDay' priority='1' description='MonthDay.parse' helpPage='localeSensitiveMethods/javaunsafe_MonthDay_parse.html' enabled='true' />
      <localeSensitiveMethodPattern name='DateTimeFormatter.ofPattern' pattern='ofPattern' varTypes='java.time.format.DateTimeFormatter' priority='1' description='DateTimeFormatter.ofPattern' helpPage='localeSensitiveMethods/javaunsafe_DateTimeFormatter_ofPattern.html' enabled='true' />
      <localeSensitiveMethodPattern name='DateTimeFormatter.ofLocalizedTime' pattern='ofLocalizedTime' varTypes='java.time.format.DateTimeFormatter' priority='1' description='DateTimeFormatter.ofLocalizedTime' helpPage='localeSensitiveMethods/javaunsafe_DateTimeFormatter_ofLocalizedTime.html' enabled='true' />
      <localeSensitiveMethodPattern name='ZoneId.getDisplayName' pattern='getDisplayName' varTypes='java.time.ZoneId' priority='1' description='ZoneId.getDisplayName' helpPage='localeSensitiveMethods/javaunsafe_ZoneId_getDisplayName.html' enabled='true' />
      <localeSensitiveMethodPattern name='LocalDate.parse' pattern='parse' varTypes='java.time.LocalDate' priority='1' description='LocalDate.parse' helpPage='localeSensitiveMethods/javaunsafe_LocalDate_parse.html' enabled='true' />
      <localeSensitiveMethodPattern name='LocalDateTime.parse' pattern='parse' varTypes='java.time.LocalDateTime' priority='1' description='LocalDateTime.parse' helpPage='localeSensitiveMethods/javaunsafe_LocalDateTime_parse.html' enabled='true' />
      <localeSensitiveMethodPattern name='OffsetTime.format' pattern='format' varTypes='java.time.OffsetTime' priority='1' description='OffsetTime.format' helpPage='localeSensitiveMethods/javaunsafe_OffsetTime_format.html' enabled='true' />
    </localeSensitiveMethodPatternGroup>
    <localeSensitiveMethodPatternGroup name='String Formatting Operations' description='String formatting and display' enabled='true'>
      <localeSensitiveMethodPattern name='StringBuilder.insert' pattern='insert' varTypes='java.lang.StringBuilder' priority='0' description='insert' helpPage='localeSensitiveMethods/javaunsafe_insert.html' enabled='true' />
      <localeSensitiveMethodPattern name='StringBuffer.insert' pattern='insert' varTypes='java.lang.StringBuffer' priority='0' description='insert' helpPage='localeSensitiveMethods/javaunsafe_insert.html' enabled='true' />
      <localeSensitiveMethodPattern name='StringBuilder.append' pattern='append' varTypes='java.lang.StringBuilder' priority='0' description='append' helpPage='localeSensitiveMethods/javaunsafe_append.html' enabled='true' />
      <localeSensitiveMethodPattern name='String.format' pattern='format' varTypes='java.lang.String' paramTypes='java.util.Locale' priority='2' description='String.format' helpPage='localeSensitiveMethods/javaunsafe_format.html' enabled='true' />
      <localeSensitiveMethodPattern name='StringBuffer.append' pattern='append' varTypes='java.lang.StringBuffer' priority='0' description='append' helpPage='localeSensitiveMethods/javaunsafe_append.html' enabled='true' />
      <localeSensitiveMethodPattern name='String.concat' pattern='concat' varTypes='java.lang.String' priority='0' description='String.concat' helpPage='localeSensitiveMethods/javaunsafe_concat.html' enabled='true' />
      <localeSensitiveMethodPattern name='toString' pattern='toString' priority='3' description='toString' helpPage='localeSensitiveMethods/javaunsafe_toString.html' enabled='true' />
    </localeSensitiveMethodPatternGroup>
    <localeSensitiveMethodPatternGroup name='Encoding' description='Character and File encoding' enabled='true'>
      <localeSensitiveMethodPattern name='setCharacterEncoding' pattern='setCharacterEncoding' priority='1' description='setCharacterEncoding' helpPage='localeSensitiveMethods/javaunsafe_setCharacterEncoding.html' enabled='true' />
      <localeSensitiveMethodPattern name='BreakIterator.getWordInstance' pattern='getWordInstance' varTypes='java.text.BreakIterator' paramTypes='java.util.Locale' priority='1' description='BreakIterator.getWordInstance' helpPage='localeSensitiveMethods/javaunsafe_breakIteratorgwi.html' enabled='true' />
      <localeSensitiveMethodPattern name='DataInputStream' pattern='DataInputStream' varTypes='java.io.DataInputStream' priority='1' description='DataInputStream' helpPage='localeSensitiveMethods/javaunsafe_dataInputStreamReadLine.html' enabled='true' />
      <localeSensitiveMethodPattern name='StreamTokenizer' pattern='StreamTokenizer' varTypes='java.io.StreamTokenizer' priority='2' description='StreamTokenizer' helpPage='localeSensitiveMethods/javaunsafe_streamtokenizer.html' enabled='true' />
      <localeSensitiveMethodPattern name='String.getBytes' pattern='getBytes' varTypes='java.lang.String' priority='1' description='Encodes this String into a sequence of bytes using the default charset for the platform, storing the result into a new byte array.' helpPage='localeSensitiveMethods/javaunsafe_getBytes.html' enabled='true' />
      <localeSensitiveMethodPattern name='setLocale' pattern='setLocale' priority='1' description='setLocale' helpPage='localeSensitiveMethods/javaunsafe_setLocale.html' enabled='true' />
      <localeSensitiveMethodPattern name='Runtime.getLocalizedOutputStream' pattern='getLocalizedOutputStream' varTypes='java.lang.Runtime' priority='2' description='Runtime.getLocalizedOutputStream' helpPage='localeSensitiveMethods/javaunsafe_getLocalizedOutputStream.html' enabled='true' />
      <localeSensitiveMethodPattern name='decode' pattern='decode' priority='1' description='Decodes bytes in this charset into Unicode characters.' helpPage='localeSensitiveMethods/javaunsafe_decode.html' enabled='true' />
      <localeSensitiveMethodPattern name='BreakIterator.getSentenceInstance' pattern='getSentenceInstance' varTypes='java.text.BreakIterator' paramTypes='java.util.Locale' priority='1' description='BreakIterator.getSentenceInstance' helpPage='localeSensitiveMethods/javaunsafe_breakIteratorgsi.html' enabled='true' />
      <localeSensitiveMethodPattern name='encode' pattern='encode' priority='1' description='Encodes Unicode characters into bytes in this charset.' helpPage='localeSensitiveMethods/javaunsafe_encode.html' enabled='true' />
      <localeSensitiveMethodPattern name='Runtime.getLocalizedInputStream' pattern='getLocalizedInputStream' varTypes='java.lang.Runtime' priority='2' description='Runtime.getLocalizedInputStream' helpPage='localeSensitiveMethods/javaunsafe_getLocalizedInputStream.html' enabled='true' />
      <localeSensitiveMethodPattern name='BreakIterator.getCharacterInstance' pattern='getCharacterInstance' varTypes='java.text.BreakIterator' paramTypes='java.util.Locale' priority='1' description='BreakIterator.getCharacterInstance' helpPage='localeSensitiveMethods/javaunsafe_breakIteratorgci.html' enabled='true' />
      <localeSensitiveMethodPattern name='String' pattern='String' varTypes='java.lang.String' priority='3' description='String Constructor' helpPage='localeSensitiveMethods/javaunsafe_String.html' enabled='true' />
      <localeSensitiveMethodPattern name='OutputStreamWriter' pattern='OutputStreamWriter' varTypes='java.io.OutputStreamWriter' priority='2' description='OutputStreamWriter' helpPage='localeSensitiveMethods/javaunsafe_outputStreamWriter.html' enabled='true' />
      <localeSensitiveMethodPattern name='DataOutputStream.writeBytes' pattern='writeBytes' varTypes='java.io.DataOutputStream' priority='1' description='Writes out the string to the underlying output stream as a sequence of bytes.' helpPage='localeSensitiveMethods/javaunsafe_writeBytes.html' enabled='true' />
      <localeSensitiveMethodPattern name='InputStreamReader' pattern='InputStreamReader' varTypes='java.io.InputStreamReader' priority='2' description='InputStreamReader' helpPage='localeSensitiveMethods/javaunsafe_inputStreamReader.html' enabled='true' />
      <localeSensitiveMethodPattern name='setContentType' pattern='setContentType' priority='1' description='setContentType' helpPage='localeSensitiveMethods/javaunsafe_setContentType.html' enabled='true' />
      <localeSensitiveMethodPattern name='BreakIterator.getLineInstance' pattern='getLineInstance' varTypes='java.text.BreakIterator' paramTypes='java.util.Locale' priority='1' description='BreakIterator.getLineInstance' helpPage='localeSensitiveMethods/javaunsafe_breakIteratorgli.html' enabled='true' />
      <localeSensitiveMethodPattern name='Charset' pattern='Charset' varTypes='java.nio.charset.Charset' priority='1' description='Charset constructor.' helpPage='localeSensitiveMethods/javaunsafe_Charset.html' enabled='true' />
    </localeSensitiveMethodPatternGroup>
    <staticFilePattern name='.xliff' pattern='\.xliff' priority='1' description='XML' enabled='true' />
    <staticFilePattern name='.tld' pattern='\.tld' priority='1' description='XML' enabled='true' />
    <staticFilePattern name='.wav' pattern='\.wav' priority='1' description='Audio' enabled='true' />
    <staticFilePattern name='.xsl' pattern='\.xsl' priority='1' description='XML' enabled='true' />
    <staticFilePattern name='.tiff' pattern='\.tiff' priority='1' description='Image' enabled='true' />
    <staticFilePattern name='.gif' pattern='\.gif' priority='1' description='Image' enabled='true' />
    <staticFilePattern name='.less' pattern='\.less' priority='1' description='Style Sheet' enabled='true' />
    <staticFilePattern name='.scss' pattern='\.scss' priority='1' description='Style Sheet' enabled='true' />
    <staticFilePattern name='.styl' pattern='\.styl' priority='1' description='Style Sheet' enabled='true' />
    <staticFilePattern name='.shtml' pattern='\.shtml' priority='1' description='Static Web File' enabled='true' />
    <staticFilePattern name='.sass' pattern='\.sass' priority='1' description='Style Sheet' enabled='true' />
    <staticFilePattern name='.xml' pattern='\.xml' priority='1' description='XML' enabled='true' />
    <staticFilePattern name='.xpm' pattern='\.xpm' priority='1' description='XML' enabled='true' />
    <staticFilePattern name='.html' pattern='\.html?' priority='1' description='Static Web File' enabled='true' />
    <staticFilePattern name='.png' pattern='\.png' priority='1' description='Image' enabled='true' />
    <staticFilePattern name='.rmd' pattern='\.rmd' priority='1' description='XML' enabled='true' />
    <staticFilePattern name='.jpeg' pattern='\.jpe?g' priority='1' description='Image' enabled='true' />
    <staticFilePattern name='.wsdd' pattern='\.wsdd' priority='1' description='XML' enabled='true' />
    <staticFilePattern name='.mov' pattern='\.mov' priority='1' description='Movie' enabled='true' />
    <staticFilePattern name='.ico' pattern='\.ico' priority='1' description='Image' enabled='true' />
    <staticFilePattern name='.swf' pattern='\.swf' priority='1' description='Flash' enabled='true' />
    <staticFilePattern name='.xsd' pattern='\.xsd' priority='1' description='XML' enabled='true' />
    <staticFilePattern name='.bmp' pattern='\.bmp' priority='1' description='Image' enabled='true' />
    <staticFilePattern name='.xul' pattern='\.xul' priority='1' description='XML' enabled='true' />
    <staticFilePattern name='.css' pattern='\.css' priority='1' description='Style Sheet' enabled='true' />
    <staticFilePattern name='.wsdl' pattern='\.wsdl' priority='1' description='XML' enabled='true' />
    <staticFilePattern name='.xslt' pattern='\.xslt' priority='1' description='XML' enabled='true' />
    <staticFilePattern name='.avi' pattern='\.avi' priority='1' description='Video' enabled='true' />
    <generalPattern name='Locale.UK' pattern='\bLocale\.UK\b' priority='1' description='Locale.UK' enabled='true' />
    <generalPattern name='ISO Latin Character Set' pattern='(?i)ISO-8859-\d+' priority='1' description='References to ISO Latin character set encoding.' enabled='true' />
    <generalPattern name='Font reference in HTML' pattern='(?i)\bface\s*=(\w+|\s*[&apos;"\\]+[-\w,\s]+[&apos;"\\]+)' priority='3' description='Detect hardcoded font names. Should be either locale-dependent or a Unicode font.' enabled='true' />
    <generalPattern name='Font style' pattern='(?i)\bfont-(weight|style):\w+\b' priority='3' description='The style of a font (e.g. bold, italic) may not not look good in a locale&apos;s preferred font.' enabled='true' />
    <generalPattern name='RIGHT_TO_LEFT' pattern='\bRIGHT_TO_LEFT\b' priority='3' description='RIGHT_TO_LEFT' enabled='true' />
    <generalPattern name='Locale.CANADA' pattern='\bLocale\.CANADA\b' priority='1' description='Locale.CANADA' enabled='true' />
    <generalPattern name='ORDER BY' pattern='(?i)\bORDER\s+BY\b' priority='2' description='Finds SQL ORDER BY sort keyword. Ensure that sorting of locale-sensitive text sorts properly.' enabled='true' />
    <generalPattern name='Unicode Character Set' pattern='(?i)\bUTF-?[0-9]+' priority='1' description='References to Unicode character set encoding.' enabled='true' />
    <generalPattern name='byte array' pattern='\bbyte\s*\[\s*\]' priority='1' description='byte array' enabled='true' />
    <generalPattern name='Sorting' pattern='CASE_INSENSITIVE_ORDER' priority='2' description='Case insensitive sorting will be locale dependent.' enabled='true' />
    <generalPattern name='ASCII Character Set' pattern='(?i)(US-)?ASCII' priority='1' description='References to ASCII character set encoding.' enabled='true' />
    <generalPattern name='LEFT_TO_RIGHT' pattern='\bLEFT_TO_RIGHT\b' priority='3' description='LEFT_TO_RIGHT' enabled='true' />
    <generalPattern name='Font family' pattern='(?i)\bfont-family[:=][\s&apos;"\\]*[-\w,\s]+[&apos;"\\]*' priority='3' description='Detect hardcoded font names. Should be either locale-dependent or a Unicode font.' enabled='true' />
    <generalPattern name='Locale.US' pattern='\bLocale\.US\b' priority='1' description='Locale.US' enabled='true' />
    <generalPattern name='Locale.ENGLISH' pattern='\bLocale\.ENGLISH\b' priority='1' description='Locale.ENGLISH' enabled='true' />
    <generalPattern name='Single-Byte Windows Character Set' pattern='(?i)(windows-|cp)\d+' priority='1' description='References to single-byte Windows character set encoding.' enabled='true' />
    <fileExtensionFilter name='Test files (regex)' pattern='([\w]*Test|Test[\w]*)\.' patternType='1' description='Filter test files.' enabled='true' />
    <fileExtensionFilter name='Test Directories' pattern='**/test/**' patternType='2' description='Filter test directories.' enabled='true' />
    <fileExtensionFilter name='svn Directories' pattern='**/.svn/**' patternType='2' description='Filter svn directories.' enabled='true' />
    <fileExtensionFilter name='Benchmark files and folders' pattern='(?i)benchmark' patternType='1' description='Filter benchmark files and folders.' enabled='true' />
    <fileExtensionFilter name='Tests Directories' pattern='**/tests/**' patternType='2' description='Filter tests directories.' enabled='true' />
    <fileExtensionFilter name='bin Directories' pattern='**/bin/**' patternType='2' description='Filter bin directories.' enabled='true' />
    <stringLineFilter name='Android log' pattern='(?i)^\s*(S|Cat)?log' description='Filters log strings.' category='Android' enabled='true' />
    <stringLineFilter name='Android uri*equals' pattern='[Uu][Rr][Ii].*equals' description='Filters strings on same line as URI*equals.' category='Android' enabled='true' />
    <stringLineFilter name='@Directive' pattern='^\s*@' description='Filters @Directive strings.' enabled='true' />
    <stringLineFilter name='get/put properties: i.putExtra("mailbox", id);' pattern='^\s*([a-zA-Z_]+[0-9]*)?\.(put|get)[a-zA-Z0-9_]*\s*\(\s*"[^" ]+"[^"&apos;]*' description='Filters get/put strings.' enabled='true' />
    <stringLineFilter name='Node names' pattern='getNodeName\(\)\.equals\(' description='Filters node names.' enabled='true' />
    <stringLineFilter name='String Comparisons' pattern='\bif\s*\(\s*!?\s*("[a-zA-Z0-9_]*"\.equals|([a-zA-Z0-9_]+\.)+equals\s*\(\s*"[a-zA-Z0-9_]*")' description='if(var.equals("text")) or if("text".equals(var))' enabled='true' />
    <stringLineFilter name='Android loadEntry' pattern='loadEntry' description='Filters strings on same line as loadEntry.' category='Android' enabled='true' />
    <stringLineFilter name='Multi single-word strings' pattern='\A[^&apos;"]*([&apos;"][a-z\p{Punct}_][\w\p{Punct}_]*[&apos;"][^&apos;"]+){2,}\Z' description='Filters lines with multiple single-word strings that are either lowercase, camelcase, or contain underscores/numbers/punctuation.' enabled='false' />
    <stringLineFilter name='Debug Strings' pattern='\bif\s*\(\s*(DEBUG|DBG|V)' description='Filters debug strings.' enabled='true' />
    <stringLiteralFilter name='UTF-8 encoding' pattern='\A(?i)\s*UTF-?8\s*\Z' description='UTF-8 encoding string is not translatable' enabled='true' />
    <stringLiteralFilter name='Script special chars' pattern='\) %&gt;' description='Filters left overs from strings inside script blocks' enabled='true' />
    <stringLiteralFilter name='Uppercase SQL Statements 3' pattern='\A[\s=&lt;&gt;!\?\(\)\"\:\;\&apos;0-9]*(MAX|MIN|NULL|NOTNULL|NOT|ON|OR|OUTER|SELECT|SET|SUM|TABLE|TEXT|THEN|UNION|UPDATE|VALUES|WHERE|WHEN)\b' description='Filters SQL strings.' enabled='true' />
    <stringLiteralFilter name='name=value or name==value' pattern='\A[&apos;"\s]*[\S&amp;&amp;[^=]]*\s*==?\s*[\S&amp;&amp;[^=]]*[&apos;"\s]*\Z' description='Filters name=value and name==value strings' enabled='true' />
    <stringLiteralFilter name='HTML programmatic 2' pattern='(?i)\A\s*(text(area)?|image|style|table|string|context)\s*\Z' description='Filters common HTML programmatic strings' enabled='true' />
    <stringLiteralFilter name='Simple filename' pattern='\A[-a-zA-Z0-9_]+\.[-a-zA-Z0-9_]+(\.[-a-zA-Z0-9_]+)*\Z' description='Filenames are usually locale-independent' enabled='true' />
    <stringLiteralFilter name='Single letter' pattern='\A\w\Z' description='Filters single letter strings which are highly unlikely to require translation. Single Letters' enabled='true' />
    <stringLiteralFilter name='HTML tags/Special chars only' pattern='\A(&lt;[^&gt;]+&gt;|\\n|\\r|\P{L})+\Z' description='Filters a literal that contains only HTML tags or special characters. If it contains display text between the tags, then it is not filtered' enabled='true' />
    <stringLiteralFilter name='Android =? strings...' pattern='\A\s*=\?' description='Filters =? strings.' category='Android' enabled='true' />
    <stringLiteralFilter name='HTML programmatic 3' pattern='(?i)\A\s*(div|inline|cache|class|object|td|tr|body)\s*\Z' description='Filters common HTML programmatic strings' enabled='true' />
    <stringLiteralFilter name='HTML mouse events' pattern='(?i)\A\s*(mouse(over|down|up|out|move)|(dbl)?click|blur)\Z' description='Filters mouse event strings' enabled='true' />
    <stringLiteralFilter name='Common programmatic' pattern='(?i)\A(localhost|root|ftp:?|https?:?)\Z' description='Filters common programmatic strings' enabled='true' />
    <stringLiteralFilter name='Android is_* strings' pattern='\A\s*is_' description='Filters is_* strings.' category='Android' enabled='true' />
    <stringLiteralFilter name='Path only' pattern='\A\s*[\\/]*([-A-Za-z0-9_\.]+[\\/]+)+\s*\Z' description='Filters strings consisting only of paths, e.g. \data\sports\' enabled='true' />
    <stringLiteralFilter name='Uppercase SQL Statements 1' pattern='\A[\s=&lt;&gt;!\?\(\)\"\:\;\&apos;0-9]*(ADD|AFTER|ALTER|AS|AND|BEGIN|BLOB|BOOL(EAN)?|CASE|CAST|COLLATE|COUNT|CREATE|DESC|DELETE|DROP|FROM|ELSE|END|ORDER|TIMESTAMP)\b' description='Filters SQL strings.' enabled='true' />
    <stringLiteralFilter name='String starts with special char' pattern='\A\s*[@:;,~]+\S+' description='Filters strings where the first word begins with one of these' enabled='true' />
    <stringLiteralFilter name='Insertions only' pattern='\A(%[-\\a-zA-Z0-9_\.&apos;:]+|\\n|\\r|\P{L})+\Z' description='Filters strings that consist only of dynamic insertions. For example: "%s"' enabled='true' />
    <stringLiteralFilter name='Android Common single lowercase words' pattern='\A(icon|text|name|image|variant|scale|width|height|crop|commands?)\Z' description='Filters single word.' category='Android' enabled='true' />
    <stringLiteralFilter name='Android is null mixed case' pattern='\A(?i)\s*is\s*(not\s*)?null' description='Filters is (not) null strings.' category='Android' enabled='true' />
    <stringLiteralFilter name='File extension - Source' pattern='\A(?i)(java|jsp|jspf)\Z' description='Filters strings that contain only a source code file extension' enabled='true' />
    <stringLiteralFilter name='Android count(...' pattern='\A\s*count\s*\(' description='Filters count( strings.' category='Android' enabled='true' />
    <stringLiteralFilter name='File extension - Image' pattern='\A(?i)(png|jpg|ico|gif|bmp|xpm)\Z' description='Filters strings that contain only an image file extension' enabled='true' />
    <stringLiteralFilter name='Android ._id*' pattern='\A\.?(_sync)?_id' description='Filters *_id strings.' category='Android' enabled='true' />
    <stringLiteralFilter name='Uppercase SQL Statements 2' pattern='\A[\s=&lt;&gt;!\?\(\)\"\:\;\&apos;0-9]*(BY|FROM|GROUP|HAVING|JOIN|IF|IS|ISNULL|INSERT|IN|INTO|INTEGER|INNER|LEFT|RIGHT|LIMIT|LIKE)\b' description='Filters SQL strings.' enabled='true' />
    <stringLiteralFilter name='Path strings' pattern='\A/[a-zA-Z]+' description='Filters path strings.' enabled='true' />
    <stringLiteralFilter name='HTML programmatic 1' pattern='(?i)\A\s*(block|hidden|radio|scroll|(check)?box|input)\s*\Z' description='Filters common HTML programmatic strings' enabled='true' />
    <stringLiteralFilter name='Filepath or URL' pattern='(?i)\A\s*[a-z]\w*:[\\/]+\S*\s*\Z' description='Filters strings consisting only of filepaths or URLS, e.g. c:\data\sports and http://www.lingoport.com' enabled='true' />
    <stringLiteralFilter name='Embedded special chars' pattern='\w[:#$%]\w' description='Filters programmatic elements that contain any of the characters in this character-class expression' enabled='true' />
    <stringLiteralFilter name='GET, POST' pattern='\A(GET|POST)\Z' description='Filters single word.' enabled='true' />
    <stringLiteralFilter name='MIME Types' pattern='(?i)\A(application|image|multipart|text|video|audio)/[-\w\.0-9]+\Z' description='Filters MIME types' enabled='true' />
    <stringLiteralFilter name='HTML alignment' pattern='(?i)\A(center|middle|top|bottom|left|right|absmiddle|justify)\Z' description='Filters alignment options' enabled='true' />
    <stringLiteralFilter name='Numbers with optional letters' pattern='(?i)\A[a-z]*[0-9]+[a-z]*\Z' description='Filters numbers with optional letters' enabled='true' />
    <stringLiteralFilter name='Android .vcf* strings' pattern='\A\.vcf' description='Filters .vcf' category='Android' enabled='true' />
    <stringLiteralFilter name='URL parameters' pattern='\A(\?|\&amp;)\w+\=\Z' description='Filters URL parameters: ?letters= or &amp;letters=' enabled='true' />
    <stringLiteralFilter name='File extension - Other' pattern='\A(?i)(xml|xsl|cfg|txt|tmp|html?|log|csv)\Z' description='Filters strings that are one of these file extensions' enabled='true' />
    <stringLiteralFilter name='Android image/*, etc.' pattern='\A(account|attachment|audio|body|image|sip|http|ftp|message|mailbox|media|text|virus|video)/\*\Z' description='Filters single word.' category='Android' enabled='true' />
    <stringLiteralFilter name='Underscored or dashed' pattern='\A\s*[^\s-_]*([-_][^\s-_]*)+\s*\Z' description='Filters underscored or dashed strings. For example: "some-word", "{some_word}", "-word"' enabled='true' />
    <stringLiteralFilter name='Android Content-Disposition Header Field' pattern='\AContent-Disposition' description='Filters strings starting with Content-Disposition.' category='Android' enabled='true' />
    <stringLiteralFilter name='HTML programmatic settings' pattern='(?i)\A\s*(none|null|undefined|select(ed)?|checked)\s*\Z' description='Filters common HTML programmatic settings' enabled='true' />
    <stringLiteralFilter name='Word starts with special char' pattern='\s[@:;,]+\S+' description='Filters strings that contain a word that starts with one of these' enabled='true' />
    <stringLiteralFilter name='HTML entities' pattern='\A(&lt;[^&gt;]+&gt;|&amp;[a-z]+[;]*|\P{L})+\Z' description='Filters strings containing one or more HTML entities' enabled='true' />
    <stringLiteralFilter name='Android null* strings' pattern='\A\s*null' description='Filters strings starting with null.' category='Android' enabled='true' />
    <stringLiteralFilter name='Protocols' pattern='\A(sip|sips|pop|urn|http|ftp)\:\Z' description='Filters protocol strings.' enabled='true' />
    <stringLiteralFilter name='Android GAL' pattern='\AGAL\Z' description='Filters single word.' category='Android' enabled='true' />
    <stringLiteralFilter name='ID' pattern='\A(?i)ID\Z' description='ID alone is usually always a program element' enabled='true' />
    <stringLiteralFilter name='HTML tags with insertions' pattern='\A(&lt;[^&gt;]+&gt;|%[-\\a-zA-Z0-9_\.&apos;:]+|\\n|\\r|\P{L})+\Z' description='Filters strings containing HTML tags and dynamic insertions' enabled='true' />
    <stringLiteralFilter name='Camel case word' pattern='\A[\P{L}&amp;&amp;[^\\]]*\w*[a-z][A-Z]\w*\P{L}*\Z' description='Filters camel case word (containing one or more lowercase letters followed by one or more uppercase letters)' enabled='true' />
    <stringLiteralFilter name='File extension - General' pattern='(?i)\A\P{L}*\.\w+\P{L}*\Z' description='Filters strings that contain only a file extension: .xxx' enabled='true' />
    <stringLiteralFilter name='Filepath' pattern='\A\s*[\\/]*[-A-Za-z0-9_\.]+[\\/]+[-A-Za-z0-9_\./\\*]+\.\S+\s*\Z' description='Filters strings consisting only of filenames and paths, e.g. data\sports.cfg' enabled='true' />
    <stringLiteralFilter name='Non-letter chars only' pattern='\A(\\r|\\n|\P{L})+\Z' description='Filters strings consisting entirely of non-letter characters and linefeeds' enabled='true' />
    <stringLiteralFilter name='Single words starting with .' pattern='\A\.\w+\Z' description='Filters single words starting with .' enabled='true' />
    <stringLiteralFilter name='Boolean' pattern='\A(true|false)\Z' description='Filters boolean strings' enabled='true' />
    <stringMethodFilter name='Resource key - po' pattern='gettext' description='Filters keys passed in to retrieve resources from po files' enabled='true' />
    <stringMethodFilter name='IOCase' pattern='IOCase' varTypes='org.apache.commons.io.IOCase' enabled='true' />
    <stringMethodFilter name='Android warnPossibleRecipientMismatch' pattern='warnPossibleRecipientMismatch' category='Android' enabled='true' />
    <stringMethodFilter name='super' pattern='super' enabled='true' />
    <stringMethodFilter name='Android reportWtf' pattern='reportWtf' category='Android' enabled='true' />
    <stringMethodFilter name='Android setDevicePropertyBooleanNative' pattern='setDevicePropertyBooleanNative' category='Android' enabled='true' />
    <stringMethodFilter name='addValue' pattern='addValue' enabled='true' />
    <stringMethodFilter name='Redirect url' pattern='encodeRedirectURL' description='A method that is passed a url, which should be filtered' enabled='true' />
    <stringMethodFilter name='Android dumpHistoryList' pattern='dumpHistoryList' category='Android' enabled='true' />
    <stringMethodFilter name='Android reclaimSomeSurfaceMemoryLocked' pattern='reclaimSomeSurfaceMemoryLocked' category='Android' enabled='true' />
    <stringMethodFilter name='Android print' pattern='print' category='Android' enabled='true' />
    <stringMethodFilter name='Android addToBackStack' pattern='addToBackStack' category='Android' enabled='true' />
    <stringMethodFilter name='Android enforceCallingOrSelfPermission' pattern='enforceCallingOrSelfPermission' category='Android' enabled='true' />
    <stringMethodFilter name='addMapping' pattern='addMapping' enabled='true' />
    <stringMethodFilter name='getBoolean' pattern='getBoolean' enabled='true' />
    <stringMethodFilter name='logLine' pattern='logLine' enabled='true' />
    <stringMethodFilter name='Android findAppProcess' pattern='findAppProcess' category='Android' enabled='true' />
    <stringMethodFilter name='getIntArray' pattern='getIntArray' enabled='true' />
    <stringMethodFilter name='Android onRegistrationFailed' pattern='onRegistrationFailed' category='Android' enabled='true' />
    <stringMethodFilter name='Android setUid' pattern='setUid' category='Android' enabled='true' />
    <stringMethodFilter name='AssertionError' pattern='AssertionError' varTypes='java.lang.AssertionError' enabled='true' />
    <stringMethodFilter name='Android onError' pattern='onError' category='Android' enabled='true' />
    <stringMethodFilter name='Android readTextFile' pattern='readTextFile' category='Android' enabled='true' />
    <stringMethodFilter name='Android writeEncodedHeader' pattern='writeEncodedHeader' category='Android' enabled='true' />
    <stringMethodFilter name='AbstractAction parameter' pattern='AbstractAction' varTypes='javax.swing.AbstractAction' description='Filters strings passed to this method' enabled='true' />
    <stringMethodFilter name='appendQueryParameter' pattern='appendQueryParameter' enabled='true' />
    <stringMethodFilter name='Android getWakeTimerLocked' pattern='getWakeTimerLocked' category='Android' enabled='true' />
    <stringMethodFilter name='Android logCoords' pattern='logCoords' category='Android' enabled='true' />
    <stringMethodFilter name='Android setAdapterPropertyBooleanNative' pattern='setAdapterPropertyBooleanNative' category='Android' enabled='true' />
    <stringMethodFilter name='Resource key' pattern='getString' description='Filters keys passed in to retrieve resources' enabled='true' />
    <stringMethodFilter name='Android logWithTrace' pattern='logWithTrace' category='Android' enabled='true' />
    <stringMethodFilter name='Android findPreference' pattern='findPreference' category='Android' enabled='true' />
    <stringMethodFilter name='Android addAnimTo' pattern='addAnimTo' category='Android' enabled='true' />
    <stringMethodFilter name='Android readThisMapXml' pattern='readThisMapXml' category='Android' enabled='true' />
    <stringMethodFilter name='HTML type string' pattern='setContentType' description='The method is passed an ASCII string that becomes part of an HTML page header; it is not for display' enabled='true' />
    <stringMethodFilter name='Android getContentUri' pattern='getContentUri' category='Android' enabled='true' />
    <stringMethodFilter name='Android setupSetterOrGetter' pattern='setupSetterOrGetter' category='Android' enabled='true' />
    <stringMethodFilter name='Android maybeLogUpdateToEventLog' pattern='maybeLogUpdateToEventLog' category='Android' enabled='true' />
    <stringMethodFilter name='Android setAction' pattern='setAction' category='Android' enabled='true' />
    <stringMethodFilter name='Android F32_2' pattern='F32_2' category='Android' enabled='true' />
    <stringMethodFilter name='Android getValue' pattern='getValue' category='Android' enabled='true' />
    <stringMethodFilter name='getJSONArray' pattern='getJSONArray' enabled='true' />
    <stringMethodFilter name='appendPath' pattern='appendPath' enabled='true' />
    <stringMethodFilter name='Android getDatabasePath' pattern='getDatabasePath' category='Android' enabled='true' />
    <stringMethodFilter name='Android reboot' pattern='reboot' category='Android' enabled='true' />
    <stringMethodFilter name='Android loadMessageForViewFailed' pattern='loadMessageForViewFailed' category='Android' enabled='true' />
    <stringMethodFilter name='Android createActivityIntentUrlBuilder' pattern='createActivityIntentUrlBuilder' category='Android' enabled='true' />
    <stringMethodFilter name='Android startWpsWithPinFromDeviceCommand' pattern='startWpsWithPinFromDeviceCommand' category='Android' enabled='true' />
    <stringMethodFilter name='getJSONObject' pattern='getJSONObject' enabled='true' />
    <stringMethodFilter name='Android MccEntry' pattern='MccEntry' category='Android' enabled='true' />
    <stringMethodFilter name='Android riljLog' pattern='riljLog' category='Android' enabled='true' />
    <stringMethodFilter name='getMethodName' pattern='getMethodName' enabled='true' />
    <stringMethodFilter name='Android newUriPermissionOwner' pattern='newUriPermissionOwner' category='Android' enabled='true' />
    <stringMethodFilter name='Android checkRecycled' pattern='checkRecycled' category='Android' enabled='true' />
    <stringMethodFilter name='Android MessagingException' pattern='MessagingException' varTypes='javax.mail.MessagingException' category='Android' enabled='true' />
    <stringMethodFilter name='IllegalStateException' pattern='IllegalStateException' varTypes='java.lang.IllegalStateException' enabled='true' />
    <stringMethodFilter name='Android startMethodTracing' pattern='startMethodTracing' category='Android' enabled='true' />
    <stringMethodFilter name='dumpMap' pattern='dumpMap' enabled='true' />
    <stringMethodFilter name='getBooleanArray' pattern='getBooleanArray' enabled='true' />
    <stringMethodFilter name='Android createFailChunk' pattern='createFailChunk' category='Android' enabled='true' />
    <stringMethodFilter name='exec' pattern='exec' enabled='true' />
    <stringMethodFilter name='Android setJournalMode' pattern='setJournalMode' category='Android' enabled='true' />
    <stringMethodFilter name='scheme' pattern='scheme' enabled='true' />
    <stringMethodFilter name='setRequestProperty' pattern='setRequestProperty' enabled='true' />
    <stringMethodFilter name='Android updateStatus' pattern='updateStatus' category='Android' enabled='true' />
    <stringMethodFilter name='Android getBooleanExtra' pattern='getBooleanExtra' category='Android' enabled='true' />
    <stringMethodFilter name='Android UnsynchronizedWakeLock' pattern='UnsynchronizedWakeLock' category='Android' enabled='true' />
    <stringMethodFilter name='Android appendSourceDescriptionIfApplicable' pattern='appendSourceDescriptionIfApplicable' category='Android' enabled='true' />
    <stringMethodFilter name='Android makeUriString' pattern='makeUriString' category='Android' enabled='true' />
    <stringMethodFilter name='Android getKeyedStringOrEmpty' pattern='getKeyedStringOrEmpty' category='Android' enabled='true' />
    <stringMethodFilter name='Android checkAppSwitchAllowedLocked' pattern='checkAppSwitchAllowedLocked' category='Android' enabled='true' />
    <stringMethodFilter name='Print to System.err' pattern='System\.err\.print(ln)?' description='Function is usually used only for debugging' enabled='true' />
    <stringMethodFilter name='Android sendURC' pattern='sendURC' category='Android' enabled='true' />
    <stringMethodFilter name='Android getParcelableExtra' pattern='getParcelableExtra' category='Android' enabled='true' />
    <stringMethodFilter name='Android getStringExtra' pattern='getStringExtra' category='Android' enabled='true' />
    <stringMethodFilter name='Field Name' pattern='setFieldName' description='Sets the field name for an element' enabled='true' />
    <stringMethodFilter name='Android validateArgumentIsNonEmpty' pattern='validateArgumentIsNonEmpty' category='Android' enabled='true' />
    <stringMethodFilter name='Throwable' pattern='Throwable' varTypes='java.lang.Throwable' enabled='true' />
    <stringMethodFilter name='SimpleDateFormat string' pattern='SimpleDateFormat' varTypes='java.text.SimpleDateFormat' description='Filters strings passed to SimpleDateFormat' enabled='true' />
    <stringMethodFilter name='Android F32_4' pattern='F32_4' category='Android' enabled='true' />
    <stringMethodFilter name='Android noteStopWakelock' pattern='noteStopWakelock' category='Android' enabled='true' />
    <stringMethodFilter name='Android createVector' pattern='createVector' category='Android' enabled='true' />
    <stringMethodFilter name='beginDocument' pattern='beginDocument' enabled='true' />
    <stringMethodFilter name='Android bumpServiceExecutingLocked' pattern='bumpServiceExecutingLocked' category='Android' enabled='true' />
    <stringMethodFilter name='HTTP attribute key' pattern='setAttribute' description='A javax.servlet.http.HttpSession argument that is passed a string key along with an object. The key should be filtered' enabled='true' />
    <stringMethodFilter name='TokenMgrError' pattern='TokenMgrError' varTypes='org.apache.commons.ognl.TokenMgrError' enabled='true' />
    <stringMethodFilter name='isSupported' pattern='isSupported' enabled='true' />
    <stringMethodFilter name='Android killPids' pattern='killPids' category='Android' enabled='true' />
    <stringMethodFilter name='Android readThisListXml' pattern='readThisListXml' category='Android' enabled='true' />
    <stringMethodFilter name='Android withValue' pattern='withValue' category='Android' enabled='true' />
    <stringMethodFilter name='dumpRect' pattern='dumpRect' enabled='true' />
    <stringMethodFilter name='Android putIBinder' pattern='putIBinder' category='Android' enabled='true' />
    <stringMethodFilter name='Android withAppendedPath' pattern='withAppendedPath' category='Android' enabled='true' />
    <stringMethodFilter name='addFileType' pattern='addFileType' enabled='true' />
    <stringMethodFilter name='Android destroyActivityLocked' pattern='destroyActivityLocked' category='Android' enabled='true' />
    <stringMethodFilter name='Android destroyActivitiesLocked' pattern='destroyActivitiesLocked' category='Android' enabled='true' />
    <stringMethodFilter name='Android dumpService' pattern='dumpService' category='Android' enabled='true' />
    <stringMethodFilter name='Android lookupValue' pattern='lookupValue' category='Android' enabled='true' />
    <stringMethodFilter name='Android addDataScheme' pattern='addDataScheme' category='Android' enabled='true' />
    <stringMethodFilter name='Android ATParseEx' pattern='ATParseEx' varTypes='com.android.internal.telephony.ATParseEx' category='Android' enabled='true' />
    <stringMethodFilter name='Android dumpProcessOomList' pattern='dumpProcessOomList' category='Android' enabled='true' />
    <stringMethodFilter name='Android removeAnimationFor' pattern='removeAnimationFor' category='Android' enabled='true' />
    <stringMethodFilter name='Android aggregateSippers' pattern='aggregateSippers' category='Android' enabled='true' />
    <stringMethodFilter name='getMethod' pattern='getMethod' enabled='true' />
    <stringMethodFilter name='Android getService, addService, checkService' pattern='(getService|addService|checkService)' category='Android' enabled='true' />
    <stringMethodFilter name='Thread' pattern='Thread' varTypes='java.lang.Thread' enabled='true' />
    <stringMethodFilter name='SAXException' pattern='SAXException' varTypes='org.xml.sax.SAXException' enabled='true' />
    <stringMethodFilter name='createElement' pattern='createElement' enabled='true' />
    <stringMethodFilter name='println' pattern='println' enabled='true' />
    <stringMethodFilter name='Android sendCloseSystemWindows' pattern='sendCloseSystemWindows' category='Android' enabled='true' />
    <stringMethodFilter name='Android setDetailedState' pattern='setDetailedState' category='Android' enabled='true' />
    <stringMethodFilter name='Android getAttributeResourceValue' pattern='getAttributeResourceValue' category='Android' enabled='true' />
    <stringMethodFilter name='removeActivity' pattern='removeActivity' enabled='true' />
    <stringMethodFilter name='Android rebootSystem' pattern='rebootSystem' category='Android' enabled='true' />
    <stringMethodFilter name='Android SQL delete, update methods' pattern='(delete|update|insert)' category='Android' enabled='true' />
    <stringMethodFilter name='RuntimeException' pattern='RuntimeException' varTypes='java.lang.RuntimeException' enabled='true' />
    <stringMethodFilter name='Android dump' pattern='dump' category='Android' enabled='true' />
    <stringMethodFilter name='Android propertyParamType' pattern='propertyParamType' category='Android' enabled='true' />
    <stringMethodFilter name='checkNotNull' pattern='checkNotNull' enabled='true' />
    <stringMethodFilter name='doCommand' pattern='doCommand' enabled='true' />
    <stringMethodFilter name='fromParts' pattern='fromParts' enabled='true' />
    <stringMethodFilter name='Android getXmlAttribute' pattern='getXmlAttribute' category='Android' enabled='true' />
    <stringMethodFilter name='createTempFile' pattern='createTempFile' enabled='true' />
    <stringMethodFilter name='getLong' pattern='getLong' enabled='true' />
    <stringMethodFilter name='addRequestHeader' pattern='addRequestHeader' enabled='true' />
    <stringMethodFilter name='Android createEvent' pattern='createEvent' category='Android' enabled='true' />
    <stringMethodFilter name='Android ...Exception...' pattern='.*Exception.*' description='All exceptions are logged to the log file in Android.' category='Android' enabled='false' />
    <stringMethodFilter name='Android isLoggable' pattern='isLoggable' category='Android' enabled='true' />
    <stringMethodFilter name='Android Logging' pattern='(d|e|v|i|w)' category='Android' enabled='true' />
    <stringMethodFilter name='Android getByteArrayExtra' pattern='getByteArrayExtra' category='Android' enabled='true' />
    <stringMethodFilter name='remove' pattern='remove' enabled='true' />
    <stringMethodFilter name='createFromClass' pattern='createFromClass' enabled='true' />
    <stringMethodFilter name='Android putIntExtra' pattern='putIntExtra' category='Android' enabled='true' />
    <stringMethodFilter name='Android longForQuery' pattern='longForQuery' category='Android' enabled='true' />
    <stringMethodFilter name='getColumnIndex' pattern='getColumnIndex' enabled='true' />
    <stringMethodFilter name='Resource filename' pattern='getBundle' description='A java.util.ResourceBundle method that is passed a string argument, which is the base name of the .properties file' enabled='true' />
    <stringMethodFilter name='Android doListCommand' pattern='doListCommand' category='Android' enabled='true' />
    <stringMethodFilter name='Font resource' pattern='FontUIResource' varTypes='javax.swing.plaf.FontUIResource' description='Retrieves a font resource based on the string name\argument' enabled='true' />
    <stringMethodFilter name='removeHeader' pattern='removeHeader' enabled='true' />
    <stringMethodFilter name='Android scheduleCrash' pattern='scheduleCrash' category='Android' enabled='true' />
    <stringMethodFilter name='Android putParcelable' pattern='putParcelable' category='Android' enabled='true' />
    <stringMethodFilter name='getStringArray' pattern='getStringArray' enabled='true' />
    <stringMethodFilter name='Android finishActivityLocked' pattern='finishActivityLocked' category='Android' enabled='true' />
    <stringMethodFilter name='Android alwaysLog' pattern='alwaysLog' category='Android' enabled='true' />
    <stringMethodFilter name='SQL statement' pattern='sql[a-zA-Z]*\.append' description='Filters SQL statement strings' enabled='true' />
    <stringMethodFilter name='Android setClassName' pattern='setClassName' category='Android' enabled='true' />
    <stringMethodFilter name='putLongArray' pattern='putLongArray' enabled='true' />
    <stringMethodFilter name='Android executeSensitiveCommand' pattern='executeSensitiveCommand' category='Android' enabled='true' />
    <stringMethodFilter name='writeId' pattern='writeId' enabled='true' />
    <stringMethodFilter name='Android writeEvent' pattern='writeEvent' category='Android' enabled='true' />
    <stringMethodFilter name='Android getExtra, getIntExtra' pattern='(getExtra|getIntExtra)' category='Android' enabled='true' />
    <stringMethodFilter name='Android dumpProcessList' pattern='dumpProcessList' category='Android' enabled='true' />
    <stringMethodFilter name='ActionMap parameter' pattern='getActionMap\s*\(\s*\)\.put' description='Filters strings passed to getActionMap().put' enabled='true' />
    <stringMethodFilter name='Assert' pattern='assert[A-Z]\w+' description='Filters strings passed to Java Assert methods' enabled='true' />
    <stringMethodFilter name='Android ComponentName' pattern='ComponentName' varTypes='android.content.ComponentName' category='Android' enabled='true' />
    <stringMethodFilter name='Android EnterpriseField' pattern='EnterpriseField' category='Android' enabled='true' />
    <stringMethodFilter name='Android onSqliteObjectLeaked' pattern='onSqliteObjectLeaked' category='Android' enabled='true' />
    <stringMethodFilter name='Android addErrorToDropBox' pattern='addErrorToDropBox' category='Android' enabled='true' />
    <stringMethodFilter name='Android StopRequest exception' pattern='StopRequest' varTypes='com.kapowtech.robosuite.api.java.rql.construct.StopRequest' category='Android' enabled='true' />
    <stringMethodFilter name='mimeTypeMatches' pattern='mimeTypeMatches' enabled='true' />
    <stringMethodFilter name='Android SR_RecognizerDeactivateRule' pattern='SR_RecognizerDeactivateRule' category='Android' enabled='true' />
    <stringMethodFilter name='Android buildOomTag' pattern='buildOomTag' category='Android' enabled='true' />
    <stringMethodFilter name='Android userLog' pattern='userLog' category='Android' enabled='true' />
    <stringMethodFilter name='Android checkEglError' pattern='checkEglError' category='Android' enabled='true' />
    <stringMethodFilter name='Android ofFloat' pattern='ofFloat' category='Android' enabled='true' />
    <stringMethodFilter name='Android ensureFile' pattern='ensureFile' category='Android' enabled='true' />
    <stringMethodFilter name='Android acquireWakeLock' pattern='acquireWakeLock' category='Android' enabled='true' />
    <stringMethodFilter name='getDir' pattern='getDir' enabled='true' />
    <stringMethodFilter name='IndexOutOfBoundsException' pattern='IndexOutOfBoundsException' varTypes='java.lang.IndexOutOfBoundsException' enabled='true' />
    <stringMethodFilter name='getPropertyInternal' pattern='getPropertyInternal' enabled='true' />
    <stringMethodFilter name='Android ofInt' pattern='ofInt' category='Android' enabled='true' />
    <stringMethodFilter name='Android newWakeLock' pattern='newWakeLock' category='Android' enabled='true' />
    <stringMethodFilter name='Android getSharedPreferences' pattern='getSharedPreferences' category='Android' enabled='true' />
    <stringMethodFilter name='Android sendErrorResponse' pattern='sendErrorResponse' category='Android' enabled='true' />
    <stringMethodFilter name='Android forceGc' pattern='forceGc' category='Android' enabled='true' />
    <stringMethodFilter name='fail' pattern='fail' enabled='true' />
    <stringMethodFilter name='Android ServiceLookupResult' pattern='ServiceLookupResult' category='Android' enabled='true' />
    <stringMethodFilter name='Android startSection' pattern='startSection' category='Android' enabled='true' />
    <stringMethodFilter name='Android getAttributeListValue' pattern='getAttributeListValue' category='Android' enabled='true' />
    <stringMethodFilter name='glGetAttribLocation' pattern='glGetAttribLocation' enabled='true' />
    <stringMethodFilter name='Android glGetUniformLocation' pattern='glGetUniformLocation' category='Android' enabled='true' />
    <stringMethodFilter name='setName' pattern='setName' enabled='true' />
    <stringMethodFilter name='Android getProcessStatsLocked' pattern='getProcessStatsLocked' category='Android' enabled='true' />
    <stringMethodFilter name='Android parseBundleExtra' pattern='parseBundleExtra' category='Android' enabled='true' />
    <stringMethodFilter name='asList' pattern='asList' enabled='true' />
    <stringMethodFilter name='Android getIntentSenderLocked' pattern='getIntentSenderLocked' category='Android' enabled='true' />
    <stringMethodFilter name='regionMatches' pattern='regionMatches' enabled='true' />
    <stringMethodFilter name='getIntColumn' pattern='getIntColumn' enabled='true' />
    <stringMethodFilter name='Android logEventColumns' pattern='logEventColumns' category='Android' enabled='true' />
    <stringMethodFilter name='Android checkGlError' pattern='checkGlError' category='Android' enabled='true' />
    <stringMethodFilter name='removeHeaders' pattern='removeHeaders' enabled='true' />
    <stringMethodFilter name='Android loadAttachmentFailed' pattern='loadAttachmentFailed' category='Android' enabled='true' />
    <stringMethodFilter name='Android IntentReceiverLeaked' pattern='IntentReceiverLeaked' varTypes='android.app.IntentReceiverLeaked' category='Android' enabled='true' />
    <stringMethodFilter name='Android getParcelable' pattern='getParcelable' category='Android' enabled='true' />
    <stringMethodFilter name='Android createSecureContainer' pattern='createSecureContainer' category='Android' enabled='true' />
    <stringMethodFilter name='getElementsByTagName' pattern='getElementsByTagName' enabled='true' />
    <stringMethodFilter name='Tokenized string' pattern='StringTokenizer' varTypes='java.util.StringTokenizer' description='Filters the string arguments for tokenized strings' enabled='true' />
    <stringMethodFilter name='Android readThisSetXml' pattern='readThisSetXml' category='Android' enabled='true' />
    <stringMethodFilter name='Android responseAlert' pattern='responseAlert' category='Android' enabled='true' />
    <stringMethodFilter name='Android logMotionEvent' pattern='logMotionEvent' category='Android' enabled='true' />
    <stringMethodFilter name='Android executeSimpleCommand' pattern='executeSimpleCommand' category='Android' enabled='true' />
    <stringMethodFilter name='Android SettingsCache' pattern='SettingsCache' varTypes='org.archive.crawler.settings.SettingsCache' category='Android' enabled='true' />
    <stringMethodFilter name='Android updateBucketNames' pattern='updateBucketNames' category='Android' enabled='true' />
    <stringMethodFilter name='checkRange' pattern='checkRange' enabled='true' />
    <stringMethodFilter name='Android AtCommandResult' pattern='AtCommandResult' varTypes='android.bluetooth.AtCommandResult' category='Android' enabled='true' />
    <stringMethodFilter name='InputMap parameter' pattern='getInputMap\s*\(\s*\)\.put' description='Filters strings passed to getInputMap().put' enabled='true' />
    <stringMethodFilter name='getField' pattern='getField' enabled='true' />
    <stringMethodFilter name='Android setTables' pattern='setTables' category='Android' enabled='true' />
    <stringMethodFilter name='Android GenerateSaveFileError' pattern='GenerateSaveFileError' category='Android' enabled='true' />
    <stringMethodFilter name='Print to System.out' pattern='System\.out\.print(ln)?' description='Function is usually used only for debugging' enabled='true' />
    <stringMethodFilter name='Android onRecognitionFailure' pattern='onRecognitionFailure' category='Android' enabled='true' />
    <stringMethodFilter name='Android noteStopWakeLocked' pattern='noteStopWakeLocked' category='Android' enabled='true' />
    <stringMethodFilter name='addURI' pattern='addURI' enabled='true' />
    <stringMethodFilter name='EventObject' pattern='EventObject' varTypes='java.util.EventObject' enabled='true' />
    <stringMethodFilter name='Android killPackageProcessesLocked' pattern='killPackageProcessesLocked' category='Android' enabled='true' />
    <stringMethodFilter name='Android appendRangeDescriptionIfApplicable' pattern='appendRangeDescriptionIfApplicable' category='Android' enabled='true' />
    <stringMethodFilter name='getDeclaredMethod' pattern='getDeclaredMethod' enabled='true' />
    <stringMethodFilter name='deleteFiles' pattern='deleteFiles' enabled='true' />
    <stringMethodFilter name='Android reportStartInstrumentationFailure' pattern='reportStartInstrumentationFailure' category='Android' enabled='true' />
    <stringMethodFilter name='File' pattern='File' varTypes='java.io.File' enabled='true' />
    <stringMethodFilter name='getAttributeValue' pattern='getAttributeValue' enabled='true' />
    <stringMethodFilter name='setSubType' pattern='setSubType' enabled='true' />
    <stringMethodFilter name='Android fullyPopulateCache' pattern='fullyPopulateCache' category='Android' enabled='true' />
    <stringMethodFilter name='startTag, endTag' pattern='(startTag|endTag)' enabled='true' />
    <stringMethodFilter name='Android stringForQuery' pattern='stringForQuery' category='Android' enabled='true' />
    <stringMethodFilter name='Android putBoolean' pattern='putBoolean' category='Android' enabled='true' />
    <stringMethodFilter name='addHeader' pattern='addHeader' enabled='true' />
    <stringMethodFilter name='Android writeAddressHeader' pattern='writeAddressHeader' category='Android' enabled='true' />
    <stringMethodFilter name='Android SR_RecognizerActivateRule' pattern='SR_RecognizerActivateRule' category='Android' enabled='true' />
    <stringMethodFilter name='Android logAppTooSlow' pattern='logAppTooSlow' category='Android' enabled='true' />
    <stringMethodFilter name='Android modifyNat' pattern='modifyNat' category='Android' enabled='true' />
    <stringMethodFilter name='Class name' pattern='forName' varTypes='java.lang.Class' description='Retrieves a Class instance based on String name value' enabled='true' />
    <stringMethodFilter name='getLongArray' pattern='getLongArray' enabled='true' />
    <stringMethodFilter name='Android getQueryParameters' pattern='getQueryParameters?' category='Android' enabled='true' />
    <stringMethodFilter name='addInvokable' pattern='addInvokable' enabled='true' />
    <stringMethodFilter name='Android riljLogv' pattern='riljLogv' category='Android' enabled='true' />
    <stringMethodFilter name='notifyUser' pattern='notifyUser' enabled='true' />
    <stringMethodFilter name='Android sendHttpClientPost' pattern='sendHttpClientPost' category='Android' enabled='true' />
    <stringMethodFilter name='Android getPackageInfo' pattern='getPackageInfo' category='Android' enabled='true' />
    <stringMethodFilter name='Android appendMemBucket' pattern='appendMemBucket' category='Android' enabled='true' />
    <stringMethodFilter name='Android printProcessCPU' pattern='printProcessCPU' category='Android' enabled='true' />
    <stringMethodFilter name='Android getColumnIndexOrThrow' pattern='getColumnIndexOrThrow' category='Android' enabled='true' />
    <stringMethodFilter name='System property' pattern='getProperty' varTypes='java.lang.System' description='Filters system property names' enabled='true' />
    <stringMethodFilter name='getFirstHeader' pattern='getFirstHeader' enabled='true' />
    <stringMethodFilter name='Android closeSystemDialogs' pattern='closeSystemDialogs' category='Android' enabled='true' />
    <stringMethodFilter name='appendWhere' pattern='appendWhere' enabled='true' />
    <stringMethodFilter name='Android DbStats' pattern='DbStats' category='Android' enabled='true' />
    <stringMethodFilter name='Hashtable key' pattern='containsKey' description='Filters hashtable keys' enabled='true' />
    <stringMethodFilter name='Android publishProgress' pattern='publishProgress' category='Android' enabled='true' />
    <stringMethodFilter name='Android getRemoteDeviceProperty' pattern='getRemoteDeviceProperty' category='Android' enabled='true' />
    <stringMethodFilter name='Android setType' pattern='setType' category='Android' enabled='true' />
    <stringMethodFilter name='Android ZygoteStartFailedEx' pattern='ZygoteStartFailedEx' varTypes='android.os.ZygoteStartFailedEx' category='Android' enabled='true' />
    <stringMethodFilter name='Android LoadedApk' pattern='LoadedApk' varTypes='android.app.LoadedApk' category='Android' enabled='true' />
    <stringMethodFilter name='Android managedQuery' pattern='managedQuery' category='Android' enabled='true' />
    <stringMethodFilter name='Hashtable key' pattern='get' description='Filters hashtable keys' enabled='true' />
    <stringMethodFilter name='SQL getInt' pattern='getInt' description='SQL ResultSet method' enabled='true' />
    <stringMethodFilter name='Android connectPanDeviceNative' pattern='connectPanDeviceNative' category='Android' enabled='true' />
    <stringMethodFilter name='write' pattern='write' enabled='true' />
    <stringMethodFilter name='writeHeader' pattern='writeHeader' enabled='true' />
    <stringMethodFilter name='getAsString' pattern='getAsString' enabled='true' />
    <stringMethodFilter name='throw new Error' pattern='Error' varTypes='java.lang.Error' enabled='true' />
    <stringMethodFilter name='Annotations' pattern='@\w+' description='Filter annotation strings' enabled='true' />
    <stringMethodFilter name='setHeader' pattern='setHeader' enabled='true' />
    <stringMethodFilter name='Android noteStartWakeLocked' pattern='noteStartWakeLocked' category='Android' enabled='true' />
    <stringMethodFilter name='HTTP attribute' pattern='getAttribute' description='Within the Servlet api, retrieves an attribute' enabled='true' />
    <stringMethodFilter name='Android setIconVisibility' pattern='setIconVisibility' category='Android' enabled='true' />
    <stringMethodFilter name='Android HandlerThread' pattern='HandlerThread' varTypes='android.os.HandlerThread' category='Android' enabled='true' />
    <stringMethodFilter name='Android removeProcessLocked' pattern='removeProcessLocked' category='Android' enabled='true' />
    <stringMethodFilter name='FileDeleteStrategy' pattern='FileDeleteStrategy' varTypes='org.apache.commons.io.FileDeleteStrategy' enabled='true' />
    <stringMethodFilter name='Android crashApplication' pattern='crashApplication' category='Android' enabled='true' />
    <stringMethodFilter name='NamingThreadFactory' pattern='NamingThreadFactory' varTypes='org.apache.accumulo.server.util.NamingThreadFactory' enabled='true' />
    <stringMethodFilter name='Android printRow' pattern='printRow' category='Android' enabled='true' />
    <stringMethodFilter name='Log.debug, Log.info, etc.' pattern='(debug|info|warn|log|error|wtf)' enabled='true' />
    <stringMethodFilter name='checkState' pattern='checkState' enabled='true' />
    <stringMethodFilter name='Android getLongExtra' pattern='getLongExtra' category='Android' enabled='true' />
    <stringMethodFilter name='getHeaderParameter' pattern='getHeaderParameter' enabled='true' />
    <stringMethodFilter name='getIdentifier' pattern='getIdentifier' enabled='true' />
    <stringMethodFilter name='InflateException' pattern='InflateException' varTypes='android.view.InflateException' enabled='true' />
    <stringMethodFilter name='ActionMap/InputMap parameter' pattern='put' varTypes='javax.swing.ActionMap, javax.swing.InputMap' description='Filters strings passed to ActionMap&apos;s put method.' enabled='true' />
    <stringMethodFilter name='printf' pattern='printf' enabled='true' />
    <stringMethodFilter name='Android setFlashMode' pattern='setFlashMode' category='Android' enabled='true' />
    <stringMethodFilter name='syntaxError' pattern='syntaxError' enabled='true' />
    <stringMethodFilter name='Android putInt' pattern='putInt' category='Android' enabled='true' />
    <stringMethodFilter name='Android setDataAndType' pattern='setDataAndType' category='Android' enabled='true' />
    <stringMethodFilter name='Encode url' pattern='encodeURL' description='A method that is passed a url, which should be filtered' enabled='true' />
    <stringMethodFilter name='Android doBooleanCommand' pattern='doBooleanCommand' category='Android' enabled='true' />
    <stringMethodFilter name='System resource' pattern='getSystemResourceAsStream' varTypes='java.lang.ClassLoader' description='Filters system resource names' enabled='true' />
    <stringMethodFilter name='Android newTabSpec' pattern='newTabSpec' category='Android' enabled='true' />
    <stringMethodFilter name='Android getKeyIdForName' pattern='getKeyIdForName' category='Android' enabled='true' />
    <stringMethodFilter name='Android writeTag' pattern='writeTag' category='Android' enabled='true' />
    <stringMethodFilter name='Android InsertHelper' pattern='InsertHelper' category='Android' enabled='true' />
    <stringMethodFilter name='Android dumpStateForCall' pattern='dumpStateForCall' category='Android' enabled='true' />
    <stringMethodFilter name='Android reportSettingsProblem' pattern='reportSettingsProblem' category='Android' enabled='true' />
    <stringMethodFilter name='Android query' pattern='query' category='Android' enabled='true' />
    <stringMethodFilter name='Android logSurface' pattern='logSurface' category='Android' enabled='true' />
    <stringMethodFilter name='HTTP parameter' pattern='getParameter' description='Within the Servlet api, retrieves a parameter' enabled='true' />
    <stringMethodFilter name='Android execSQL' pattern='execSQL' category='Android' enabled='true' />
    <stringMethodFilter name='Android addThreadId' pattern='addThreadId' category='Android' enabled='true' />
    <stringMethodFilter name='Android rawQuery' pattern='rawQuery' category='Android' enabled='true' />
    <stringMethodFilter name='Android startProcessLocked' pattern='startProcessLocked' category='Android' enabled='true' />
    <stringMethodFilter name='handleNotificationError' pattern='handleNotificationError' enabled='true' />
    <stringMethodFilter name='SQL getFloat' pattern='getFloat' description='SQL ResultSet method' enabled='true' />
    <stringMethodFilter name='Android removeIcon' pattern='removeIcon' category='Android' enabled='true' />
    <stringMethodFilter name='IllegalArgumentException' pattern='IllegalArgumentException' varTypes='java.lang.IllegalArgumentException' enabled='true' />
    <stringMethodFilter name='Android F32_3' pattern='F32_3' category='Android' enabled='true' />
    <stringMethodFilter name='getDeclaredField' pattern='getDeclaredField' enabled='true' />
    <stringMethodFilter name='Android newInstance' pattern='newInstance' category='Android' enabled='true' />
    <stringOperandFilter name='Keys' pattern='(?i)\w*key' description='Filter key names' enabled='true' />
    <stringOperandFilter name='Status' pattern='(?i)\w*status' description='Filter status strings' enabled='true' />
    <stringOperandFilter name='Names' pattern='(?i)\w*name' description='Assume names are not displayed in UI' enabled='true' />
    <stringOperandFilter name='ID' pattern='(?i)\w+_ID|id|\w+Id' description='Filters strings assigned/compared to ID variables; id="main" or TRACK_ID="start" or parentId="unknown"' enabled='true' />
    <stringOperandFilter name='Types' pattern='(?i)[\w.]*types?' description='Filter type names' enabled='true' />
    <stringOperandFilter name='Attributes' pattern='(?i)[\w.]*attribute' description='Filter attribute strings' enabled='true' />
    <staticFileFilter name='Blank Image' pattern='(?i)\bblank\b' description='Filters image references named "blank"' enabled='true' />
    <staticFileFilter name='Space Image' pattern='(?i)\bspace\b' description='Filters image references named "space"' enabled='true' />
    <staticFileLineFilter name='Import Statements' pattern='^import\b' description='Filter import statements' enabled='true' />
    <staticFileLineFilter name='Package Statements' pattern='^package\b' description='Filter package statements' enabled='true' />
    <profile hasgeneric='true' stringmethodfilter='true' localesensitive='true' stmterminator=';' strdelimiter='"' chardelimiter='&apos;' linecomment='//' blockcomment='/*,*/' methodcall='paren' defresource='properties' resources='po,properties,xml' strops='=,+=,==,!=' concatchars='+,+=' usealt='false' clientscript='false' serverscript='true' />
    <resource extension='properties' description='properties resource file type' method='getString("[key]")' altmethod='&lt;%=getString("[key]")%&gt;' />
  </ruleset>
</export>